<?xml version="1.0" encoding="utf-8"?>
<Context ColorSet="Beige_Black_Alpha" FontStyle="Shadow" Font="TwCenMT16">
	<Stack Offset="0,30" Padding="0" Anchor="R,T" StackGrowth="Bottom">
		<!-- CHAT PANEL	GridGlass16 Max Size="505,520" -->
		<Grid Size="523,170" Anchor="R,T" Padding="0,0" Style="GridGlass16" ConsumeMouseButton="1" ConsumeMouseOver="1" ID="ChatPanel" Hidden="1">
			<!-- Chat ScrollPanel Max Size="464,493" -->
			<ScrollPanel Anchor="L,T" Offset="12,2" Size="490,134" Vertical="1" ID="ChatScroll" AutoScrollBar="1">
				<Stack Anchor="L,T" Offset="0,0" StackGrowth="Bottom" Padding="0" ID="ChatStack"/>
				<!-- Chat ScrollBar Max Length="500" -->
				<ScrollBar Offset="0.0" Style="VertSlider" Anchor="R,C" AnchorSide="O,I" Length="98"/>
				<UpButton Offset="0.0" Style="ScrollBarUp" Anchor="R,T" AnchorSide="O,I"/>
				<DownButton Offset="0.0" Style="ScrollBarDown" Anchor="R,B" AnchorSide="O,I"/>
			</ScrollPanel>
			<!-- Chat Grid9Detail48 Max Size="523,540"-->
			<Grid Size="543,190" Anchor="R,T" Offset="-15,-15" Padding="0,0" Style="Grid9Detail48"/>
			<Box Anchor="L,B" Size="513,30" Offset="10.1" Color="0,0,0,255">
				<Box Anchor="L,T" Size="513,1" Offset="0.0" Color="255,255,200,255"/>
				<PullDown Anchor="L,C" Style="GenericPullDown" ScrollThreshold="200" SpaceForScroll="0" Size="136,26" ID="ChatPull">
				<Label ID="LengthTest" Anchor="L,C" Offset="0,0" Font="TwCenMT20" FontStyle="SoftShadow" Hidden="1"/>
				 <Box Anchor="R,C" AnchorSide="O,I" Offset="4,0" Size="366,18" Color="255,255,200,255">
						<Box Anchor="C,C" Offset="0,0" Size="364,16" Color="0,0,0,255">
							<EditBox Offset="1,0" MaxLength="255" Size="364,16" Anchor="C,C" Font="TwCenMT14" ID="ChatEntry"/>
						</Box>
					</Box>
				</PullDown>
			</Box>
		</Grid>
		<Container Size="10,1" Anchor="R,T" Offset="0,-1">
			<LuaContext FileName="Assets/UI/InGame/DiploList" ID="DiploList" Hidden="1" Anchor="R,T" Offset="-11,-40"/>
			<!-- Corner Treatment -->
			<Image Anchor="R,T" Texture="assets\UI\Art\WorldView\TopRight020.dds" Offset="0,0" Size="512,128" ID="CornerAnchor">
				<!-- Info Buttons Stack -->
				<Stack Anchor="R,T" Offset="0,0" StackGrowth="Left" Padding="-12">
					<!--=======================================================================================================================-->
					<!-- Diplo Button -->
					<!--=======================================================================================================================-->
					<Button ConsumeMouse="1" Anchor="C,T" Size="80,80" Offset="0,0" Texture="assets\UI\Art\Notification\diplomacybase.dds" ID="DiploButton" ToolTip="TXT_KEY_EO_DIPLOMACY" Hidden="0">
						<ShowOnMouseOver>
							<Image Anchor="C,C" Offset="0,0" Size="80,80" Texture="assets\UI\Art\Notification\diplomacybase.dds"/>
							<AlphaAnim Anchor="C,C" AnchorSide="O.O" Offset="0,0" Size="80,80" Texture="assets\UI\Art\Notification\diplomacyhl.dds" Pause="0" Cycle="Bounce" Speed="1" AlphaStart="1" AlphaEnd="0" Hidden="0"/>
						</ShowOnMouseOver>
						<Label Anchor="C,C" Offset="0,4" Font="TwCenMT20" FontStyle="Stroke" ID="UNTurnsLabel" Hidden="1"/>
					</Button>
					<!--=======================================================================================================================-->
					<!-- Advisor Button -->
					<!--=======================================================================================================================-->
					<Button ConsumeMouse="1" ID="AdvisorButton" Anchor="C,T" Size="80,80" Offset="0,0" Texture="assets\UI\Art\Notification\NotificationIconsAdvisor.dds" ToolTip="TXT_KEY_DIPLO_OPEN_ADVISORS_TT" Hidden="0">
						<ShowOnMouseOver>
							<Image Anchor="C,C" Offset="0,0" Size="80,80" Texture="assets\UI\Art\Notification\NotificationIconsAdvisor.dds"/>
							<AlphaAnim Anchor="C,C" AnchorSide="O.O" Offset="0,0" Size="80,80" Texture="assets\UI\Art\Notification\NotificationIconsAdvisorHL.dds" Pause="0" Cycle="Bounce" Speed="1" AlphaStart="1" AlphaEnd="0" Hidden="0"/>
						</ShowOnMouseOver>
					</Button>
					<!--=======================================================================================================================-->
					<!-- Social Policy Button -->
					<!--=======================================================================================================================-->
					<Button ConsumeMouse="1" Anchor="C,T" Size="80,80" Offset="0,0" Texture="assets\UI\Art\Notification\NotificationFrameBase.dds" ID="SocialPoliciesButton" ToolTip="TXT_KEY_DIPLO_OPEN_SOCIAL_POLICY_TT" Hidden="0">
						<ShowOnMouseOver>
							<Image Anchor="C,C" Offset="0,0" Size="80,80" Texture="assets\UI\Art\Notification\NotificationFrameBase.dds"/>
							<AlphaAnim Anchor="C,C" AnchorSide="O.O" Offset="0,0" Size="80,80" Texture="assets\UI\Art\Notification\NotificationFrameGlow2.dds" Pause="0" Cycle="Bounce" Speed="1" AlphaStart="1" AlphaEnd="0" Hidden="0"/>
						</ShowOnMouseOver>
						<Image Anchor="C,C" Offset="0,0" Size="80,80" Texture="assets\UI\Art\Notification\SocialPolicy80.dds"/>
						<!-- ACTIVE STATE -->
						<AlphaAnim Anchor="C,C" AnchorSide="O.O" Offset="0,0" Size="80,80" Texture="assets\UI\Art\Notification\SocialPolicyActive80.dds" Pause="0" Cycle="Bounce" Speed="1" AlphaStart="1" AlphaEnd="0" Hidden="1"/>
					</Button>
					<!--=======================================================================================================================-->
					<!-- Notification Log DropDownButtons -->
					<!--=======================================================================================================================-->
					<PullDown ConsumeMouse="1" Offset="-6,0" Anchor="R,T" Size="45,45" AutoSizePopUp="0" SpaceForScroll="0" ScrollThreshold="900" ID="MultiPull">
						<ButtonData>
							<Button Anchor="R,T" Size="45.45" Texture="assets\UI\Art\Notification\NotificationNotes.dds" ToolTip="TXT_KEY_DIPLO_ADDITIONAL">
								<ShowOnMouseOver>
									<Image Anchor="R,T" Offset="0,0" Size="45.45" Texture="assets\UI\Art\Notification\NotificationNotes.dds"/>
									<AlphaAnim Anchor="R,T" Offset="0,0" Size="45.45" TextureOffset="0.0" Texture="assets\UI\Art\Notification\NotificationNotesHL.dds" Pause="0" Cycle="Bounce" Speed="2" AlphaStart="0.95" AlphaEnd="0.55"/>
								</ShowOnMouseOver>
							</Button>
						</ButtonData>
						<GridData Anchor="L,T" Offset="-24.-41" AnchorSide="O,I" Style="Grid9DetailTwo140" Padding="0,0">
							<Box Color="Black.0" Size="200.260" ID="MultiPullBox"/>
						</GridData>
						<ScrollPanelData Anchor="C,C" Vertical="1"/>
						<StackData StackGrowth="Bottom" Padding="0" Anchor="C,T"/>
						<InstanceData Name="InstanceOne">
							<Button Size="180.24" Anchor="C,C" ID="Button">
								<ShowOnMouseOver>
									<AlphaAnim Anchor="C,C" Offset="0,0" Size="180,24" Pause="0" Cycle="Bounce" Speed="1" AlphaStart="1" AlphaEnd="0">
										<Grid Size="180,26" Offset="0,0" Padding="0,0" Style="Grid9FrameTurns"/>
									</AlphaAnim>
								</ShowOnMouseOver>
							</Button>
						</InstanceData>
					</PullDown>
					<Button ConsumeMouse="1" ID="ChatToggle" Hidden="1" Anchor="R,T" Size="45.45" Offset="-10,0" Texture="assets\UI\Art\Icons\MainChatOff.dds" ToolTip="TXT_KEY_DIPLO_CLOSE_CHAT_TT">
						<ShowOnMouseOver>
							<Image Anchor="R,T" Offset="0,0" Size="45.45" Texture="assets\UI\Art\Icons\MainChatOn.dds" ID="MOChatToggle"/>
							<AlphaAnim Anchor="R,T" Offset="0,0" Size="45.45" TextureOffset="0.0" ID="HLChatToggle" Texture="assets\UI\Art\Icons\MainChatOnHL.dds" Pause="0" Cycle="Bounce" Speed="2" AlphaStart="0.95" AlphaEnd="0.55"/>
						</ShowOnMouseOver>
					</Button>
					<Button Offset="-100,0" Anchor="R,T" Size="45.45" Texture="assets\UI\Art\Notification\NotificationNotes.dds" ToolTip="Publish a bogus ShowEndGame for testing" ID="EndGameButton" Hidden="1">
						<ShowOnMouseOver>
							<Image Anchor="R,T" Offset="0,0" Size="45.45" Texture="assets\UI\Art\Notification\NotificationNotes.dds"/>
							<AlphaAnim Anchor="R,T" Offset="0,0" Size="45.45" TextureOffset="0.0" Texture="assets\UI\Art\Notification\NotificationNotesHL.dds" Pause="0" Cycle="Bounce" Speed="2" AlphaStart="0.95" AlphaEnd="0.55"/>
						</ShowOnMouseOver>
					</Button>
				</Stack>
			</Image>
			<LuaContext FileName="Assets/UI/InGame/WorldView/SimpleDiploTrade" ID="SimpleDiplo" Hidden="1" Anchor="R,T" Offset="0,-5"/>
		</Container>
	</Stack>
	<Instance Name="ChatEntry">
		<Box Anchor="L,T" Size="490,32" Color="0,0,0,164" ID="Box">
			<Label Anchor="L,C" Offset="3,0" WrapWidth="465" LeadingOffset="-4" Font="TwCenMT16" ColorSet="Beige_Black_Alpha" FontStyle="Shadow" ID="String"/>
		</Box>
	</Instance>
</Context>
